{"nodes": {"1": {"y": 0.31049048104452476, "type": "root", "x": 0.5770560013835432}, "2": {"y": 0.3084498322949851, "type": "goal", "x": 0.18219625827721875}}, "obstacles": {}}