{
  "nodes": {
    "1": {"y": 0.5, "type": "root", "x": 0.25},
    "2": {"y": 0.5, "type": "goal", "x": 0.75}
  },
  "obstacles": {
    "1": {"height": 0.08545454545454545, "y": 0.5490909090909091, "width": 0.11625, "x": 0.51125},
    "0": {"height": 0.1, "y": 0.5454545454545454, "width": 0.105, "x": 0.34375},
    "3": {"height": 0.3981818181818182, "y": 0.36, "width": 0.07875, "x": 0.6625},
    "2": {"height": 0.12545454545454546, "y": 0.38, "width": 0.12625, "x": 0.40875}
  }
}