{
  "nodes": {
    "1": {
      "y": 0.5150809580531486,
      "x": 0.2642315269564234,
      "type": "root"
    },
    "2": {
      "y": 0.7733822076732851,
      "x": 0.8743307237460857,
      "type": "goal"
    }
  },
  "obstacles": {
    "1": {
      "y": 0.7363636363636363,
      "width": 0.41875,
      "x": 0.04875,
      "height": 0.12727272727272726
    },
    "0": {
      "y": 0.43454545454545457,
      "width": 0.15875,
      "x": 0.44125,
      "height": 0.4218181818181818
    }
  }
}